code,name,site_url
ANH,Học Viện An Ninh Nhân Dân,http://diemthi.tuyensinh247.com/diem-chuan/hoc-vien-an-ninh-nhan-dan-ANH.html
ANS,Đại Học An Ninh Nhân Dân,http://diemthi.tuyensinh247.com/diem-chuan/dai-hoc-an-ninh-nhan-dan-ANS.html
BKA,Đại Học Bách Khoa Hà Nội,http://diemthi.tuyensinh247.com/diem-chuan/dai-hoc-bach-khoa-ha-noi-BKA.html
BMU,Đại học Buôn Ma Thuột,http://diemthi.tuyensinh247.com/diem-chuan/dai-hoc-buon-ma-thuot-BMU.html
BPH,Học Viện Biên Phòng,http://diemthi.tuyensinh247.com/diem-chuan/hoc-vien-bien-phong-BPH.html
BVH,Học Viện Công Nghệ Bưu Chính Viễn Thông ( Phía Bắc ),http://diemthi.tuyensinh247.com/diem-chuan/hoc-vien-cong-nghe-buu-chinh-vien-thong-phia-bac-BVH.html
BVS,Học Viện Công Nghệ Bưu Chính Viễn Thông (phía Nam),http://diemthi.tuyensinh247.com/diem-chuan/hoc-vien-cong-nghe-buu-chinh-vien-thong-phia-nam-BVS.html
BVU,Đại Học Bà Rịa – Vũng Tàu,http://diemthi.tuyensinh247.com/diem-chuan/dai-hoc-ba-ria-vung-tau-BVU.html
CCM,Đại Học Công Nghiệp Dệt May Hà Nội,http://diemthi.tuyensinh247.com/diem-chuan/dai-hoc-cong-nghiep-det-may-ha-noi-CCM.html
CEA,Đại học Kinh Tế Nghệ An,http://diemthi.tuyensinh247.com/diem-chuan/dai-hoc-kinh-te-nghe-an-CEA.html
CSH,Học Viện Cảnh Sát Nhân Dân,http://diemthi.tuyensinh247.com/diem-chuan/hoc-vien-canh-sat-nhan-dan-CSH.html
CSS,Đại Học Cảnh Sát Nhân Dân,http://diemthi.tuyensinh247.com/diem-chuan/dai-hoc-canh-sat-nhan-dan-CSS.html
DAD,Đại Học Đông Á,http://diemthi.tuyensinh247.com/diem-chuan/dai-hoc-dong-a-DAD.html
DBD,Đại Học Bình Dương,http://diemthi.tuyensinh247.com/diem-chuan/dai-hoc-binh-duong-DBD.html
DBG,Đại học Nông Lâm Bắc Giang,http://diemthi.tuyensinh247.com/diem-chuan/dai-hoc-nong-lam-bac-giang-DBG.html
DBL,Đại Học Bạc Liêu,http://diemthi.tuyensinh247.com/diem-chuan/dai-hoc-bac-lieu-DBL.html
DCA,Đại Học Chu Văn An,http://diemthi.tuyensinh247.com/diem-chuan/dai-hoc-chu-van-an-DCA.html
DCD,Đại Học Công Nghệ Đồng Nai,http://diemthi.tuyensinh247.com/diem-chuan/dai-hoc-cong-nghe-dong-nai-DCD.html
DCG,Đại Học Tư Thục Công Nghệ Thông Tin Gia Định,http://diemthi.tuyensinh247.com/diem-chuan/dai-hoc-tu-thuc-cong-nghe-thong-tin-gia-dinh-DCG.html
DCH,Trường Sĩ Quan Đặc Công,http://diemthi.tuyensinh247.com/diem-chuan/truong-si-quan-dac-cong-DCH.html
DCL,Đại Học Cửu Long,http://diemthi.tuyensinh247.com/diem-chuan/dai-hoc-cuu-long-DCL.html
DCN,Đại Học Công Nghiệp Hà Nội,http://diemthi.tuyensinh247.com/diem-chuan/dai-hoc-cong-nghiep-ha-noi-DCN.html
DCT,Đại Học Công Nghiệp Thực Phẩm TP HCM,http://diemthi.tuyensinh247.com/diem-chuan/dai-hoc-cong-nghiep-thuc-pham-tp-hcm-DCT.html
DCV,Đại học Công nghiệp Vinh,http://diemthi.tuyensinh247.com/diem-chuan/dai-hoc-cong-nghiep-vinh-DCV.html
DDB,Đại Học Thành Đông,http://diemthi.tuyensinh247.com/diem-chuan/dai-hoc-thanh-dong-DDB.html
DDD,Đại Học Dân Lập Đông Đô,http://diemthi.tuyensinh247.com/diem-chuan/dai-hoc-dan-lap-dong-do-DDD.html
DDF,Đại Học Ngoại Ngữ – Đại Học Đà Nẵng,http://diemthi.tuyensinh247.com/diem-chuan/dai-hoc-ngoai-ngu-dai-hoc-da-nang-DDF.html
DDK,Đại Học Bách Khoa – Đại Học Đà Nẵng,http://diemthi.tuyensinh247.com/diem-chuan/dai-hoc-bach-khoa-dai-hoc-da-nang-DDK.html
DDL,Đại Học Điện Lực,http://diemthi.tuyensinh247.com/diem-chuan/dai-hoc-dien-luc-DDL.html
DDM,Đại Học Công Nghiệp Quảng Ninh,http://diemthi.tuyensinh247.com/diem-chuan/dai-hoc-cong-nghiep-quang-ninh-DDM.html
DDN,Đại Học Đại Nam,http://diemthi.tuyensinh247.com/diem-chuan/dai-hoc-dai-nam-DDN.html
DDP,Phân Hiệu Đại Học Đà Nẵng tại Kon Tum,http://diemthi.tuyensinh247.com/diem-chuan/phan-hieu-dai-hoc-da-nang-tai-kon-tum-DDP.html
DDQ,Đại Học Kinh Tế – Đại Học Đà Nẵng,http://diemthi.tuyensinh247.com/diem-chuan/dai-hoc-kinh-te-dai-hoc-da-nang-DDQ.html
DDS,Đại Học Sư Phạm – Đại Học Đà Nẵng,http://diemthi.tuyensinh247.com/diem-chuan/dai-hoc-su-pham-dai-hoc-da-nang-DDS.html
DDT,Đại Học Dân Lập Duy Tân,http://diemthi.tuyensinh247.com/diem-chuan/dai-hoc-dan-lap-duy-tan-DDT.html
DDY,Khoa Y Dược – Đại Học Đà Nẵng,http://diemthi.tuyensinh247.com/diem-chuan/khoa-y-duoc-dai-hoc-da-nang-DDY.html
DFA,Đại học Tài Chính – Quản Trị Kinh Doanh,http://diemthi.tuyensinh247.com/diem-chuan/dai-hoc-tai-chinh-quan-tri-kinh-doanh-DFA.html
DHA,Đại học Luật - Đại Học Huế,http://diemthi.tuyensinh247.com/diem-chuan/dai-hoc-luat-dai-hoc-hue-DHA.html
DHC,Khoa Giáo Dục Thể Chất – Đại Học Huế,http://diemthi.tuyensinh247.com/diem-chuan/khoa-giao-duc-the-chat-dai-hoc-hue-DHC.html
DHD,Khoa Du Lịch – Đại Học Huế,http://diemthi.tuyensinh247.com/diem-chuan/khoa-du-lich-dai-hoc-hue-DHD.html
DHF,Đại Học Ngoại Ngữ – Đại Học Huế,http://diemthi.tuyensinh247.com/diem-chuan/dai-hoc-ngoai-ngu-dai-hoc-hue-DHF.html
DHK,Đại Học Kinh Tế – Đại Học Huế,http://diemthi.tuyensinh247.com/diem-chuan/dai-hoc-kinh-te-dai-hoc-hue-DHK.html
DHL,Đại Học Nông Lâm – Đại Học Huế,http://diemthi.tuyensinh247.com/diem-chuan/dai-hoc-nong-lam-dai-hoc-hue-DHL.html
DHN,Đại Học Nghệ Thuật – Đại Học Huế,http://diemthi.tuyensinh247.com/diem-chuan/dai-hoc-nghe-thuat-dai-hoc-hue-DHN.html
DHP,Đại Học Dân Lập Hải Phòng,http://diemthi.tuyensinh247.com/diem-chuan/dai-hoc-dan-lap-hai-phong-DHP.html
DHQ,Phân Hiệu Đại Học Huế tại Quảng Trị,http://diemthi.tuyensinh247.com/diem-chuan/phan-hieu-dai-hoc-hue-tai-quang-tri-DHQ.html
DHS,Đại Học Sư Phạm – Đại Học Huế,http://diemthi.tuyensinh247.com/diem-chuan/dai-hoc-su-pham-dai-hoc-hue-DHS.html
DHT,Đại Học Khoa Học – Đại Học Huế,http://diemthi.tuyensinh247.com/diem-chuan/dai-hoc-khoa-hoc-dai-hoc-hue-DHT.html
DHV,Đại học Hùng Vương - TPHCM,http://diemthi.tuyensinh247.com/diem-chuan/dai-hoc-hung-vuong-tphcm-DHV.html
DHY,Đại Học Y Dược – Đại Học Huế,http://diemthi.tuyensinh247.com/diem-chuan/dai-hoc-y-duoc-dai-hoc-hue-DHY.html
DKB,Đại Học Kinh Tế Kỹ Thuật Bình Dương,http://diemthi.tuyensinh247.com/diem-chuan/dai-hoc-kinh-te-ky-thuat-binh-duong-DKB.html
DKC,Đại học Công Nghệ TPHCM,http://diemthi.tuyensinh247.com/diem-chuan/dai-hoc-cong-nghe-tphcm-DKC.html
DKH,Đại Học Dược Hà Nội,http://diemthi.tuyensinh247.com/diem-chuan/dai-hoc-duoc-ha-noi-DKH.html
DKK,Đại Học Kinh Tế Kỹ Thuật Công Nghiệp,http://diemthi.tuyensinh247.com/diem-chuan/dai-hoc-kinh-te-ky-thuat-cong-nghiep-DKK.html
DKQ,Đại học Tài Chính Kế Toán,http://diemthi.tuyensinh247.com/diem-chuan/dai-hoc-tai-chinh-ke-toan-DKQ.html
DKS,Đại học Kiếm Sát Hà Nội,http://diemthi.tuyensinh247.com/diem-chuan/dai-hoc-kiem-sat-ha-noi-DKS.html
DKT,Đại Học Hải Dương,http://diemthi.tuyensinh247.com/diem-chuan/dai-hoc-hai-duong-DKT.html
DKY,Đại Học Kỹ Thuật Y Tế Hải Dương,http://diemthi.tuyensinh247.com/diem-chuan/dai-hoc-ky-thuat-y-te-hai-duong-DKY.html
DLA,Đại Học Kinh Tế Công Nghiệp Long An,http://diemthi.tuyensinh247.com/diem-chuan/dai-hoc-kinh-te-cong-nghiep-long-an-DLA.html
DLH,Đại Học Lạc Hồng,http://diemthi.tuyensinh247.com/diem-chuan/dai-hoc-lac-hong-DLH.html
DLS,Đại Học Lao Động – Xã Hội ( Cơ sở phía Nam),http://diemthi.tuyensinh247.com/diem-chuan/dai-hoc-lao-dong-xa-hoi-co-so-phia-nam-DLS.html
DLT,Đại Học Lao Động – Xã Hội ( Cơ sở Sơn Tây ),http://diemthi.tuyensinh247.com/diem-chuan/dai-hoc-lao-dong-xa-hoi-co-so-son-tay-DLT.html
DLX,Đại Học Lao Động – Xã Hội ( Cơ sở Hà Nội ),http://diemthi.tuyensinh247.com/diem-chuan/dai-hoc-lao-dong-xa-hoi-co-so-ha-noi-DLX.html
DMD,Đại học Công nghệ Miền Đông,http://diemthi.tuyensinh247.com/diem-chuan/dai-hoc-cong-nghe-mien-dong-DMD.html
DMS,Đại Học Tài Chính Marketing,http://diemthi.tuyensinh247.com/diem-chuan/dai-hoc-tai-chinh-marketing-DMS.html
DMT,Đại học Tài Nguyên và Môi Trường Hà Nội,http://diemthi.tuyensinh247.com/diem-chuan/dai-hoc-tai-nguyen-va-moi-truong-ha-noi-DMT.html
DNB,Đại Học Hoa Lư,http://diemthi.tuyensinh247.com/diem-chuan/dai-hoc-hoa-lu-DNB.html
DNC,Đại học Nam Cần Thơ,http://diemthi.tuyensinh247.com/diem-chuan/dai-hoc-nam-can-tho-DNC.html
DNH,Học Viện Khoa Học Quân Sự - Hệ Dân sự,http://diemthi.tuyensinh247.com/diem-chuan/hoc-vien-khoa-hoc-quan-su-he-dan-su-DNH.html
DNT,Đại Học Ngoại Ngữ – Tin Học TPHCM,http://diemthi.tuyensinh247.com/diem-chuan/dai-hoc-ngoai-ngu-tin-hoc-tphcm-DNT.html
DNU,Đại Học Đồng Nai,http://diemthi.tuyensinh247.com/diem-chuan/dai-hoc-dong-nai-DNU.html
DNV,Đại Học Nội Vụ,http://diemthi.tuyensinh247.com/diem-chuan/dai-hoc-noi-vu-DNV.html
DPD,Đại Học Dân Lập Phương Đông,http://diemthi.tuyensinh247.com/diem-chuan/dai-hoc-dan-lap-phuong-dong-DPD.html
DPQ,Đại Học Phạm Văn Đồng,http://diemthi.tuyensinh247.com/diem-chuan/dai-hoc-pham-van-dong-DPQ.html
DPT,Đại Học Phan Thiết,http://diemthi.tuyensinh247.com/diem-chuan/dai-hoc-phan-thiet-DPT.html
DPX,Đại Học Dân Lập Phú Xuân,http://diemthi.tuyensinh247.com/diem-chuan/dai-hoc-dan-lap-phu-xuan-DPX.html
DPY,Đại Học Phú Yên,http://diemthi.tuyensinh247.com/diem-chuan/dai-hoc-phu-yen-DPY.html
DQB,Đại Học Quảng Bình,http://diemthi.tuyensinh247.com/diem-chuan/dai-hoc-quang-binh-DQB.html
DQH,Học Viện Kĩ Thuật Quân Sự - Hệ Dân sự,http://diemthi.tuyensinh247.com/diem-chuan/hoc-vien-ki-thuat-quan-su-he-dan-su-DQH.html
DQK,Đại Học Kinh Doanh và Công Nghệ Hà Nội,http://diemthi.tuyensinh247.com/diem-chuan/dai-hoc-kinh-doanh-va-cong-nghe-ha-noi-DQK.html
DQN,Đại Học Quy Nhơn,http://diemthi.tuyensinh247.com/diem-chuan/dai-hoc-quy-nhon-DQN.html
DQT,Đại Học Quang Trung,http://diemthi.tuyensinh247.com/diem-chuan/dai-hoc-quang-trung-DQT.html
DQU,Đại Học Quảng Nam,http://diemthi.tuyensinh247.com/diem-chuan/dai-hoc-quang-nam-DQU.html
DSD,"Đại Học Sân Khấu, Điện Ảnh TPHCM",http://diemthi.tuyensinh247.com/diem-chuan/dai-hoc-san-khau-dien-anh-tphcm-DSD.html
DSG,Đại Học Công Nghệ Sài Gòn,http://diemthi.tuyensinh247.com/diem-chuan/dai-hoc-cong-nghe-sai-gon-DSG.html
DTA,Đại Học Thành Tây,http://diemthi.tuyensinh247.com/diem-chuan/dai-hoc-thanh-tay-DTA.html
DTB,Đại Học Thái Bình,http://diemthi.tuyensinh247.com/diem-chuan/dai-hoc-thai-binh-DTB.html
DTC,Đại học Công Nghệ Thông Tin và Truyền Thông – Đại Học Thái Nguyên,http://diemthi.tuyensinh247.com/diem-chuan/dai-hoc-cong-nghe-thong-tin-va-truyen-thong-dai-hoc-thai-nguyen-DTC.html
DTD,Đại Học Tây Đô,http://diemthi.tuyensinh247.com/diem-chuan/dai-hoc-tay-do-DTD.html
DTE,Đại Học Kinh Tế  & Quản Trị Kinh Doanh – Đại Học Thái Nguyên,http://diemthi.tuyensinh247.com/diem-chuan/dai-hoc-kinh-te-quan-tri-kinh-doanh-dai-hoc-thai-nguyen-DTE.html
DTF,Khoa Ngoại Ngữ – Đại Học Thái Nguyên,http://diemthi.tuyensinh247.com/diem-chuan/khoa-ngoai-ngu-dai-hoc-thai-nguyen-DTF.html
DTH,Đại Học Hoa Sen,http://diemthi.tuyensinh247.com/diem-chuan/dai-hoc-hoa-sen-DTH.html
DTK,Đại Học Kỹ Thuật Công Nghiệp – Đại Học Thái Nguyên,http://diemthi.tuyensinh247.com/diem-chuan/dai-hoc-ky-thuat-cong-nghiep-dai-hoc-thai-nguyen-DTK.html
DTL,Đại Học Thăng Long,http://diemthi.tuyensinh247.com/diem-chuan/dai-hoc-thang-long-DTL.html
DTM,ĐH Tài Nguyên môi trường TPHCM,http://diemthi.tuyensinh247.com/diem-chuan/dh-tai-nguyen-moi-truong-tphcm-DTM.html
DTN,Đại Học Nông Lâm – Đại Học Thái Nguyên,http://diemthi.tuyensinh247.com/diem-chuan/dai-hoc-nong-lam-dai-hoc-thai-nguyen-DTN.html
DTP,Phân Hiệu Đại Học Thái Nguyên Tại Lào Cai,http://diemthi.tuyensinh247.com/diem-chuan/phan-hieu-dai-hoc-thai-nguyen-tai-lao-cai-DTP.html
DTQ,Khoa Quốc Tế - Đại Học Thái Nguyên,http://diemthi.tuyensinh247.com/diem-chuan/khoa-quoc-te-dai-hoc-thai-nguyen-DTQ.html
DTS,Đại Học Sư Phạm – Đại Học Thái Nguyên,http://diemthi.tuyensinh247.com/diem-chuan/daihoc-su-pham-dai-hoc-thai-nguyen-DTS.html
DTT,Đại Học Tôn Đức Thắng,http://diemthi.tuyensinh247.com/diem-chuan/dai-hoc-ton-duc-thang-DTT.html
DTY,Đại Học Y Dược – Đại Học Thái Nguyên,http://diemthi.tuyensinh247.com/diem-chuan/dai-hoc-y-duoc-dai-hoc-thai-nguyen-DTY.html
DTZ,Đại Học Khoa Học – Đại Học Thái Nguyên,http://diemthi.tuyensinh247.com/diem-chuan/dai-hoc-khoa-hoc-dai-hoc-thai-nguyen-DTZ.html
DVD,"Đại Học Văn Hóa, Thể Thao Và Du Lịch Thanh Hóa",http://diemthi.tuyensinh247.com/diem-chuan/dai-hoc-van-hoa-the-thao-va-du-lich-thanh-hoa-DVD.html
DVH,Đại Học Văn Hiến,http://diemthi.tuyensinh247.com/diem-chuan/dai-hoc-van-hien-DVH.html
DVL,Đại Học Dân Lập Văn Lang,http://diemthi.tuyensinh247.com/diem-chuan/dai-hoc-dan-lap-van-lang-DVL.html
DVT,Đại Học Trà Vinh,http://diemthi.tuyensinh247.com/diem-chuan/dai-hoc-tra-vinh-DVT.html
DVX,Đại Học Công Nghệ Vạn Xuân,http://diemthi.tuyensinh247.com/diem-chuan/dai-hoc-cong-nghe-van-xuan-DVX.html
DYH,Học Viện Quân Y - Hệ Dân sự,http://diemthi.tuyensinh247.com/diem-chuan/hoc-vien-quan-y-he-dan-su-DYH.html
EIU,Đại Học Quốc Tế Miền Đông,http://diemthi.tuyensinh247.com/diem-chuan/dai-hoc-quoc-te-mien-dong-EIU.html
FBU,Đại Học Tài Chính Ngân Hàng Hà Nội,http://diemthi.tuyensinh247.com/diem-chuan/dai-hoc-tai-chinh-ngan-hang-ha-noi-FBU.html
GHA,Đại Học Giao Thông Vận Tải ( Cơ sở Phía Bắc ),http://diemthi.tuyensinh247.com/diem-chuan/dai-hoc-giao-thong-van-tai-co-so-phia-bac-GHA.html
GSA,Đại Học Giao Thông Vận Tải ( Cơ sở Phía Nam),http://diemthi.tuyensinh247.com/diem-chuan/dai-hoc-giao-thong-van-tai-co-so-phia-nam-GSA.html
GTA,Đại học Công nghệ Giao thông vận tải,http://diemthi.tuyensinh247.com/diem-chuan/dai-hoc-cong-nghe-giao-thong-van-tai-GTA.html
GTS,Đại Học Giao Thông Vận Tải TPHCM,http://diemthi.tuyensinh247.com/diem-chuan/dai-hoc-giao-thong-van-tai-tphcm-GTS.html
HBT,Học Viện Báo Chí – Tuyên Truyền,http://diemthi.tuyensinh247.com/diem-chuan/hoc-vien-bao-chi-tuyen-truyen-HBT.html
HBU,Đại Học Quốc Tế Hồng Bàng,http://diemthi.tuyensinh247.com/diem-chuan/dai-hoc-quoc-te-hong-bang-HBU.html
HCA,Học Viện Chính Trị Công An Nhân Dân,http://diemthi.tuyensinh247.com/diem-chuan/hoc-vien-chinh-tri-cong-an-nhan-dan-HCA.html
HCB,Đại Học Kỹ Thuật - Hậu Cần Công An Nhân Dân ( Phía Bắc ),http://diemthi.tuyensinh247.com/diem-chuan/dai-hoc-ky-thuat-hau-can-cong-an-nhan-dan-phia-bac-HCB.html
HCH,Học Viện Hành Chính Quốc Gia ( phía Bắc ),http://diemthi.tuyensinh247.com/diem-chuan/hoc-vien-hanh-chinh-quoc-gia-phia-bac-HCH.html
HCN,Đại Học Kỹ Thuật - Hậu Cần Công An Nhân Dân ( Phía Nam ),http://diemthi.tuyensinh247.com/diem-chuan/dai-hoc-ky-thuat-hau-can-cong-an-nhan-dan-phia-nam-HCN.html
HCP,Học Viên Chính Sách và Phát Triển,http://diemthi.tuyensinh247.com/diem-chuan/hoc-vien-chinh-sach-va-phat-trien-HCP.html
HCS,Học Viện Hành Chính Quốc Gia (phía Nam),http://diemthi.tuyensinh247.com/diem-chuan/hoc-vien-hanh-chinh-quoc-gia-phia-nam-HCS.html
HDT,Đại Học Hồng Đức,http://diemthi.tuyensinh247.com/diem-chuan/dai-hoc-hong-duc-HDT.html
HEH,Học Viện Hậu Cần - Hệ Quân sự,http://diemthi.tuyensinh247.com/diem-chuan/hoc-vien-hau-can-he-quan-su-HEH.html
HFH,Học Viện Hậu Cần - Hệ Dân sự,http://diemthi.tuyensinh247.com/diem-chuan/hoc-vien-hau-can-he-dan-su-HFH.html
HGH,Trường Sĩ Quan Phòng Hóa,http://diemthi.tuyensinh247.com/diem-chuan/truong-si-quan-phong-hoa-HGH.html
HHA,Đại Học Hàng Hải,http://diemthi.tuyensinh247.com/diem-chuan/dai-hoc-hang-hai-HHA.html
HHK,Học Viện Hàng Không Việt Nam,http://diemthi.tuyensinh247.com/diem-chuan/hoc-vien-hang-khong-viet-nam-HHK.html
HHT,Đại Học Hà Tĩnh,http://diemthi.tuyensinh247.com/diem-chuan/dai-hoc-ha-tinh-HHT.html
HLU,Đại Học Hạ Long,http://diemthi.tuyensinh247.com/diem-chuan/dai-hoc-ha-long-HLU.html
HNM,Đại học Thủ Đô Hà Nội,http://diemthi.tuyensinh247.com/diem-chuan/dai-hoc-thu-do-ha-noi-HNM.html
HPN,Học Viện Phụ Nữ Việt Nam,http://diemthi.tuyensinh247.com/diem-chuan/hoc-vien-phu-nu-viet-nam-HPN.html
HQH,Học Viện Hải Quân,http://diemthi.tuyensinh247.com/diem-chuan/hoc-vien-hai-quan-HQH.html
HQT,Học Viện Ngoại Giao,http://diemthi.tuyensinh247.com/diem-chuan/hoc-vien-ngoai-giao-HQT.html
HTA,Học viện Tòa án,http://diemthi.tuyensinh247.com/diem-chuan/hoc-vien-toa-an-HTA.html
HTC,Học Viện Tài Chính,http://diemthi.tuyensinh247.com/diem-chuan/hoc-vien-tai-chinh-HTC.html
HTN,Học Viện Thanh Thiếu Niên Việt Nam,http://diemthi.tuyensinh247.com/diem-chuan/hoc-vien-thanh-thieu-nien-viet-nam-HTN.html
HUI,Đại Học Công Nghiệp TPHCM,http://diemthi.tuyensinh247.com/diem-chuan/dai-hoc-cong-nghiep-tphcm-HUI.html
HVC,Học viện cán bộ TPHCM,http://diemthi.tuyensinh247.com/diem-chuan/hoc-vien-can-bo-tphcm-HVC.html
HVN,Học Viện Nông Nghiệp Việt Nam,http://diemthi.tuyensinh247.com/diem-chuan/hoc-vien-nong-nghiep-viet-nam-HVN.html
HVQ,Học Viện Quản Lý Giáo Dục,http://diemthi.tuyensinh247.com/diem-chuan/hoc-vien-quan-ly-giao-duc-HVQ.html
HYD,Học Viện Y Dược Học Cổ Truyền Việt Nam,http://diemthi.tuyensinh247.com/diem-chuan/hoc-vien-y-duoc-hoc-co-truyen-viet-nam-HYD.html
KCC,Đại học Kỹ Thuật Công Nghệ Cần Thơ,http://diemthi.tuyensinh247.com/diem-chuan/dai-hoc-ky-thuat-cong-nghe-can-tho-KCC.html
KGH,Trường Sĩ Quan Không Quân - Hệ Đại học,http://diemthi.tuyensinh247.com/diem-chuan/truong-si-quan-khong-quan-he-dai-hoc-KGH.html
KHA,Đại Học Kinh Tế Quốc Dân,http://diemthi.tuyensinh247.com/diem-chuan/dai-hoc-kinh-te-quoc-dan-KHA.html
KMA,Học Viện Kỹ Thuật Mật Mã,http://diemthi.tuyensinh247.com/diem-chuan/hoc-vien-ky-thuat-mat-ma-KMA.html
KQH,Học Viện Kĩ Thuật Quân Sự - Hệ Quân sự,http://diemthi.tuyensinh247.com/diem-chuan/hoc-vien-ki-thuat-quan-su-he-quan-su-KQH.html
KSA,Đại Học Kinh Tế TPHCM,http://diemthi.tuyensinh247.com/diem-chuan/dai-hoc-kinh-te-tphcm-KSA.html
KTA,Đại Học Kiến Trúc Hà Nội,http://diemthi.tuyensinh247.com/diem-chuan/dai-hoc-kien-truc-ha-noi-KTA.html
KTC,Đại Học Kinh Tế -Tài Chính TPHCM,http://diemthi.tuyensinh247.com/diem-chuan/dai-hoc-kinh-te-tai-chinh-tphcm-KTC.html
KTD,Đại Học Kiến Trúc Đà Nẵng,http://diemthi.tuyensinh247.com/diem-chuan/dai-hoc-kien-truc-da-nang-KTD.html
KTS,Đại Học Kiến Trúc TPHCM,http://diemthi.tuyensinh247.com/diem-chuan/dai-hoc-kien-truc-tphcm-KTS.html
LAH,Trường Sĩ Quan Lục Quân 1 - Đại học Trần Quốc Tuấn,http://diemthi.tuyensinh247.com/diem-chuan/truong-si-quan-luc-quan-1-dai-hoc-tran-quoc-tuan-LAH.html
LBH,Trường Sĩ Quan Lục Quân 2 - Đại học Nguyễn Huệ,http://diemthi.tuyensinh247.com/diem-chuan/truong-si-quan-luc-quan-2-dai-hoc-nguyen-hue-LBH.html
LBS,Đại học Nguyễn Huệ,http://diemthi.tuyensinh247.com/diem-chuan/dai-hoc-nguyen-hue-LBS.html
LCH,Trường Sĩ Quan Chính Trị - Đại Học Chính Trị,http://diemthi.tuyensinh247.com/diem-chuan/truong-si-quan-chinh-tri-dai-hoc-chinh-tri-LCH.html
LCS,Trường Sĩ quan Chính trị (hệ dân sự),http://diemthi.tuyensinh247.com/diem-chuan/truong-si-quan-chinh-tri-he-dan-su-LCS.html
LDA,Đại Học Công Đoàn,http://diemthi.tuyensinh247.com/diem-chuan/dai-hoc-cong-doan-LDA.html
LNH,Đại Học Lâm Nghiệp ( Cơ sở 1 ),http://diemthi.tuyensinh247.com/diem-chuan/dai-hoc-lam-nghiep-co-so-1-LNH.html
LNS,Đại Học Lâm Nghiệp ( Cơ sở 2 ),http://diemthi.tuyensinh247.com/diem-chuan/dai-hoc-lam-nghiep-co-so-2-LNS.html
LPH,Đại Học Luật Hà Nội,http://diemthi.tuyensinh247.com/diem-chuan/dai-hoc-luat-ha-noi-LPH.html
LPS,Đại Học Luật TPHCM,http://diemthi.tuyensinh247.com/diem-chuan/dai-hoc-luat-tphcm-LPS.html
MBS,Đại Học Mở TPHCM,http://diemthi.tuyensinh247.com/diem-chuan/dai-hoc-mo-tphcm-MBS.html
MCA,Đại Học Mỹ Thuật Công Nghiệp Á Châu,http://diemthi.tuyensinh247.com/diem-chuan/dai-hoc-my-thuat-cong-nghiep-a-chau-MCA.html
MDA,Đại Học Mỏ Địa Chất,http://diemthi.tuyensinh247.com/diem-chuan/dai-hoc-mo-dia-chat-MDA.html
MHN,Viện Đại Học Mở Hà Nội,http://diemthi.tuyensinh247.com/diem-chuan/vien-dai-hoc-mo-ha-noi-MHN.html
MTC,Đại Học Mỹ Thuật Công Nghiệp,http://diemthi.tuyensinh247.com/diem-chuan/dai-hoc-my-thuat-cong-nghiep-MTC.html
MTU,Đại Học Xây Dựng Miền Tây,http://diemthi.tuyensinh247.com/diem-chuan/dai-hoc-xay-dung-mien-tay-MTU.html
NHB,Học Viện Ngân Hàng Phân Viện Bắc Ninh,http://diemthi.tuyensinh247.com/diem-chuan/hoc-vien-ngan-hang-phan-vien-bac-ninh-NHB.html
NHF,Đại Học Hà Nội,http://diemthi.tuyensinh247.com/diem-chuan/dai-hoc-ha-noi-NHF.html
NHH,Học Viện Ngân Hàng,http://diemthi.tuyensinh247.com/diem-chuan/hoc-vien-ngan-hang-NHH.html
NHP,Học Viên Ngân Hàng ( Phân Viện Phú Yên ),http://diemthi.tuyensinh247.com/diem-chuan/hoc-vien-ngan-hang-phan-vien-phu-yen-NHP.html
NHS,Đại Học Ngân Hàng TPHCM,http://diemthi.tuyensinh247.com/diem-chuan/dai-hoc-ngan-hang-tphcm-NHS.html
NLG,Phân hiệu Đại học Nông Lâm TP. HCM tại Gia Lai,http://diemthi.tuyensinh247.com/diem-chuan/phan-hieu-dai-hoc-nong-lam-tp-hcm-tai-gia-lai-NLG.html
NLN,Phân hiệu Đại học Nông Lâm TP. HCM tại Ninh Thuận,http://diemthi.tuyensinh247.com/diem-chuan/phan-hieu-dai-hoc-nong-lam-tp-hcm-tai-ninh-thuan-NLN.html
NLS,Đại Học Nông Lâm TPHCM,http://diemthi.tuyensinh247.com/diem-chuan/dai-hoc-nong-lam-tphcm-NLS.html
NQH,Học Viện Khoa Học Quân Sự - Hệ Quân sự,http://diemthi.tuyensinh247.com/diem-chuan/hoc-vien-khoa-hoc-quan-su-he-quan-su-NQH.html
NTH,Đại Học Ngoại Thương ( Cơ sở phía Bắc ),http://diemthi.tuyensinh247.com/diem-chuan/dai-hoc-ngoai-thuong-co-so-phia-bac-NTH.html
NTS,Đại Học Ngoại Thương (phía Nam),http://diemthi.tuyensinh247.com/diem-chuan/dai-hoc-ngoai-thuong-phia-nam-NTS.html
NTT,Đại Học Nguyễn Tất Thành,http://diemthi.tuyensinh247.com/diem-chuan/dai-hoc-nguyen-tat-thanh-NTT.html
NTU,Đại Học Nguyễn Trãi,http://diemthi.tuyensinh247.com/diem-chuan/dai-hoc-nguyen-trai-NTU.html
NVS,Nhạc Viện TPHCM,http://diemthi.tuyensinh247.com/diem-chuan/nhac-vien-tphcm-NVS.html
PBH,Trường Sĩ Quan Pháo Binh,http://diemthi.tuyensinh247.com/diem-chuan/truong-si-quan-phao-binh-PBH.html
PCH,Đại Học Phòng Cháy Chữa Cháy ( Phía Bắc ),http://diemthi.tuyensinh247.com/diem-chuan/dai-hoc-phong-chay-chua-chay-phia-bac-PCH.html
PCS,Đại Học Phòng Cháy Chữa Cháy (phía Nam),http://diemthi.tuyensinh247.com/diem-chuan/dai-hoc-phong-chay-chua-chay-phia-nam-PCS.html
PKH,Học Viện Phòng Không – Không Quân,http://diemthi.tuyensinh247.com/diem-chuan/hoc-vien-phong-khong-khong-quan-PKH.html
PVU,Đại Học Dầu Khí Việt Nam,http://diemthi.tuyensinh247.com/diem-chuan/dai-hoc-dau-khi-viet-nam-PVU.html
QHE,Đại Học Kinh Tế – Đại Học Quốc Gia Hà Nội,http://diemthi.tuyensinh247.com/diem-chuan/dai-hoc-kinh-te-dai-hoc-quoc-gia-ha-noi-QHE.html
QHF,Đại Học Ngoại Ngữ – Đại Học Quốc Gia Hà Nội,http://diemthi.tuyensinh247.com/diem-chuan/dai-hoc-ngoai-ngu-dai-hoc-quoc-gia-ha-noi-QHF.html
QHI,Đại Học Công Nghệ – Đại Học Quốc Gia Hà Nội,http://diemthi.tuyensinh247.com/diem-chuan/dai-hoc-cong-nghe-dai-hoc-quoc-gia-ha-noi-QHI.html
QHL,Khoa Luật – Đại Học Quốc Gia Hà Nội,http://diemthi.tuyensinh247.com/diem-chuan/khoa-luat-dai-hoc-quoc-gia-ha-noi-QHL.html
QHQ,Khoa Quốc Tế – Đại Học Quốc Gia Hà Nội,http://diemthi.tuyensinh247.com/diem-chuan/khoa-quoc-te-dai-hoc-quoc-gia-ha-noi-QHQ.html
QHS,Đại Học Giáo Dục - Đại học Quốc Gia Hà Nội,http://diemthi.tuyensinh247.com/diem-chuan/dai-hoc-giao-duc-dai-hoc-quoc-gia-ha-noi-QHS.html
QHT,Đại Học Khoa Học Tự Nhiên – Đại Học Quốc Gia Hà Nội,http://diemthi.tuyensinh247.com/diem-chuan/dai-hoc-khoa-hoc-tu-nhien-dai-hoc-quoc-gia-ha-noi-QHT.html
QHX,Đại Học Khoa Học Xã Hội và Nhân Văn – Đại Học Quốc Gia Hà Nội,http://diemthi.tuyensinh247.com/diem-chuan/dai-hoc-khoa-hoc-xa-hoi-va-nhan-van-dai-hoc-quoc-gia-ha-noi-QHX.html
QHY,Khoa Y Dược - Đại học Quốc Gia Hà Nội,http://diemthi.tuyensinh247.com/diem-chuan/khoa-y-duoc-dai-hoc-quoc-gia-ha-noi-QHY.html
QSB,Đại Học Bách Khoa – Đại Học Quốc Gia TPHCM,http://diemthi.tuyensinh247.com/diem-chuan/dai-hoc-bach-khoa-dai-hoc-quoc-gia-tphcm-QSB.html
QSC,Đại Học Công Nghệ Thông Tin – Đại Học Quốc Gia TPHCM,http://diemthi.tuyensinh247.com/diem-chuan/dai-hoc-cong-nghe-thong-tin-dai-hoc-quoc-gia-tphcm-QSC.html
QSK,Đại học Kinh Tế – Luật – Đại Học Quốc Gia TPHCM,http://diemthi.tuyensinh247.com/diem-chuan/dai-hoc-kinh-te-luat-dai-hoc-quoc-gia-tphcm-QSK.html
QSQ,Đại Học Quốc Tế – Đại Học Quốc Gia TPHCM,http://diemthi.tuyensinh247.com/diem-chuan/dai-hoc-quoc-te-dai-hoc-quoc-gia-tphcm-QSQ.html
QST,Đại Học Khoa Học Tự Nhiên – Đại Học Quốc Gia TPHCM,http://diemthi.tuyensinh247.com/diem-chuan/dai-hoc-khoa-hoc-tu-nhien-dai-hoc-quoc-gia-tphcm-QST.html
QSX,Đại Học Khoa Học Xã Hội và Nhân Văn – Đại Học Quốc Gia TPHCM,http://diemthi.tuyensinh247.com/diem-chuan/dai-hoc-khoa-hoc-xa-hoi-va-nhan-van-dai-hoc-quoc-gia-tphcm-QSX.html
QSY,Khoa Y - Đại học Quốc Gia TPHCM,http://diemthi.tuyensinh247.com/diem-chuan/khoa-y-dai-hoc-quoc-gia-tphcm-QSY.html
SDU,Đại học Sao Đỏ,http://diemthi.tuyensinh247.com/diem-chuan/dai-hoc-sao-do-SDU.html
SGD,Đại Học Sài Gòn,http://diemthi.tuyensinh247.com/diem-chuan/dai-hoc-sai-gon-SGD.html
SKD,Đại Học Sân Khấu Điện Ảnh,http://diemthi.tuyensinh247.com/diem-chuan/dai-hoc-san-khau-dien-anh-SKD.html
SKH,Đại Học Sư Phạm Kỹ Thuật Hưng Yên,http://diemthi.tuyensinh247.com/diem-chuan/dai-hoc-su-pham-ky-thuat-hung-yen-SKH.html
SKN,Đại Học Sư Phạm Kỹ Thuật Nam Định,http://diemthi.tuyensinh247.com/diem-chuan/dai-hoc-su-pham-ky-thuat-nam-dinh-SKN.html
SNH,Trường Sĩ Quan Công Binh - Hệ Quân sự - Đại học Ngô Quyền,http://diemthi.tuyensinh247.com/diem-chuan/truong-si-quan-cong-binh-he-quan-su-dai-hoc-ngo-quyen-SNH.html
SP2,Đại Học Sư Phạm Hà Nội 2,http://diemthi.tuyensinh247.com/diem-chuan/dai-hoc-su-pham-ha-noi-2-SP2.html
SPD,Đại Học Đồng Tháp,http://diemthi.tuyensinh247.com/diem-chuan/dai-hoc-dong-thap-SPD.html
SPH,Đại Học Sư Phạm Hà Nội,http://diemthi.tuyensinh247.com/diem-chuan/dai-hoc-su-pham-ha-noi-SPH.html
SPK,Đại Học Sư Phạm Kỹ Thuật TPHCM,http://diemthi.tuyensinh247.com/diem-chuan/dai-hoc-su-pham-ky-thuat-tphcm-SPK.html
SPS,Đại Học Sư Phạm TPHCM,http://diemthi.tuyensinh247.com/diem-chuan/dai-hoc-su-pham-tphcm-SPS.html
STS,Đại Học Sư Phạm Thể DụcThể Thao TPHCM,http://diemthi.tuyensinh247.com/diem-chuan/dai-hoc-su-pham-the-ducthe-thao-tphcm-STS.html
TAG,Đại Học An Giang,http://diemthi.tuyensinh247.com/diem-chuan/dai-hoc-an-giang-TAG.html
TBD,Đại Học Thái Bình Dương,http://diemthi.tuyensinh247.com/diem-chuan/dai-hoc-thai-binh-duong-TBD.html
TCT,Đại Học Cần Thơ,http://diemthi.tuyensinh247.com/diem-chuan/dai-hoc-can-tho-TCT.html
TDB,Đại Học Thể Dục Thể Thao Bắc Ninh,http://diemthi.tuyensinh247.com/diem-chuan/dai-hoc-the-duc-the-thao-bac-ninh-TDB.html
TDD,Đại học Thành Đô,http://diemthi.tuyensinh247.com/diem-chuan/dai-hoc-thanh-do-TDD.html
TDL,Đại Học Đà Lạt,http://diemthi.tuyensinh247.com/diem-chuan/dai-hoc-da-lat-TDL.html
TDM,Đại học Thủ Dầu Một,http://diemthi.tuyensinh247.com/diem-chuan/dai-hoc-thu-dau-mot-TDM.html
TDS,Đại Học Thể Dục Thể Thao TPHCM,http://diemthi.tuyensinh247.com/diem-chuan/dai-hoc-the-duc-the-thao-tphcm-TDS.html
TDV,Đại Học Vinh,http://diemthi.tuyensinh247.com/diem-chuan/dai-hoc-vinh-TDV.html
TGH,Trường Sĩ  Quan Tăng – Thiết Giáp,http://diemthi.tuyensinh247.com/diem-chuan/truong-si-quan-tang-thiet-giap-TGH.html
THP,Đại Học Hải Phòng,http://diemthi.tuyensinh247.com/diem-chuan/dai-hoc-hai-phong-THP.html
THV,Đại Học Hùng Vương,http://diemthi.tuyensinh247.com/diem-chuan/dai-hoc-hung-vuong-THV.html
TLA,Đại Học Thủy Lợi ( Cơ sở 1 ),http://diemthi.tuyensinh247.com/diem-chuan/dai-hoc-thuy-loi-co-so-1-TLA.html
TLS,Đại Học Thủy Lợi ( Cơ sở 2 ),http://diemthi.tuyensinh247.com/diem-chuan/dai-hoc-thuy-loi-co-so-2-TLS.html
TMA,Đại Học Thương Mại,http://diemthi.tuyensinh247.com/diem-chuan/dai-hoc-thuong-mai-TMA.html
TQU,Đại học Tân Trào,http://diemthi.tuyensinh247.com/diem-chuan/dai-hoc-tan-trao-TQU.html
TSN,Đại Học Nha Trang,http://diemthi.tuyensinh247.com/diem-chuan/dai-hoc-nha-trang-TSN.html
TTD,Đại Học Thể DụcThể Thao Đà Nẵng,http://diemthi.tuyensinh247.com/diem-chuan/dai-hoc-the-ducthe-thao-da-nang-TTD.html
TTG,Đại Học Tiền Giang,http://diemthi.tuyensinh247.com/diem-chuan/dai-hoc-tien-giang-TTG.html
TTH,Trường Sĩ Quan Thông Tin - Hệ Quân sự - Đại Học Thông Tin Liên Lạc,http://diemthi.tuyensinh247.com/diem-chuan/truong-si-quan-thong-tin-he-quan-su-dai-hoc-thong-tin-lien-lac-TTH.html
TTN,Đại Học Tây Nguyên,http://diemthi.tuyensinh247.com/diem-chuan/dai-hoc-tay-nguyen-TTN.html
TTQ,Đại Học Quốc Tế Sài Gòn,http://diemthi.tuyensinh247.com/diem-chuan/dai-hoc-quoc-te-sai-gon-TTQ.html
TYS,Đại Học Y Khoa Phạm Ngọc Thạch,http://diemthi.tuyensinh247.com/diem-chuan/dai-hoc-y-khoa-pham-ngoc-thach-TYS.html
UKB,Đại Học Kinh Bắc,http://diemthi.tuyensinh247.com/diem-chuan/dai-hoc-kinh-bac-UKB.html
UKH,Đại học Khánh Hòa,http://diemthi.tuyensinh247.com/diem-chuan/dai-hoc-khanh-hoa-UKH.html
VGU,Đại Học Việt Đức,http://diemthi.tuyensinh247.com/diem-chuan/dai-hoc-viet-duc-VGU.html
VHD,Đại Học Công Nghiệp Việt Hung,http://diemthi.tuyensinh247.com/diem-chuan/dai-hoc-cong-nghiep-viet-hung-VHD.html
VHH,Đại Học Văn Hóa Hà Nội,http://diemthi.tuyensinh247.com/diem-chuan/dai-hoc-van-hoa-ha-noi-VHH.html
VHS,Đại Học Văn Hóa TPHCM,http://diemthi.tuyensinh247.com/diem-chuan/dai-hoc-van-hoa-tphcm-VHS.html
VLU,Đại Học Sư Phạm Kỹ Thuật Vĩnh Long,http://diemthi.tuyensinh247.com/diem-chuan/dai-hoc-su-pham-ky-thuat-vinh-long-VLU.html
VPH,Trường Sĩ Quan Kĩ Thuật Quân Sự -  Hệ Quân sự - Đại Học Trần Đại Nghĩa,http://diemthi.tuyensinh247.com/diem-chuan/truong-si-quan-ki-thuat-quan-su-he-quan-su-dai-hoc-tran-dai-nghia-VPH.html
VUI,Đại Học Công Nghiệp Việt Trì,http://diemthi.tuyensinh247.com/diem-chuan/dai-hoc-cong-nghiep-viet-tri-VUI.html
XDA,Đại Học Xây Dựng Hà Nội,http://diemthi.tuyensinh247.com/diem-chuan/dai-hoc-xay-dung-ha-noi-XDA.html
XDT,Đại Học Xây Dựng Miền Trung,http://diemthi.tuyensinh247.com/diem-chuan/dai-hoc-xay-dung-mien-trung-XDT.html
YCT,Đại Học Y Dược Cần Thơ,http://diemthi.tuyensinh247.com/diem-chuan/dai-hoc-y-duoc-can-tho-YCT.html
YDD,Đại Học Điều Dưỡng Nam Định,http://diemthi.tuyensinh247.com/diem-chuan/dai-hoc-dieu-duong-nam-dinh-YDD.html
YDN,Đại học Kỹ thuật Y Dược Đà Nẵng,http://diemthi.tuyensinh247.com/diem-chuan/dai-hoc-ky-thuat-y-duoc-da-nang-YDN.html
YDS,Đại Học Y Dược TPHCM,http://diemthi.tuyensinh247.com/diem-chuan/dai-hoc-y-duoc-tphcm-YDS.html
YHB,Đại Học Y Hà Nội,http://diemthi.tuyensinh247.com/diem-chuan/dai-hoc-y-ha-noi-YHB.html
YKV,Đại Học Y Khoa Vinh,http://diemthi.tuyensinh247.com/diem-chuan/dai-hoc-y-khoa-vinh-YKV.html
YPB,Đại Học Y Hải Phòng,http://diemthi.tuyensinh247.com/diem-chuan/dai-hoc-y-hai-phong-YPB.html
YQH,Học Viện Quân Y - Hệ Quân sự,http://diemthi.tuyensinh247.com/diem-chuan/hoc-vien-quan-y-he-quan-su-YQH.html
YTB,Đại Học Y Dược Thái Bình,http://diemthi.tuyensinh247.com/diem-chuan/dai-hoc-y-duoc-thai-binh-YTB.html
YTC,Đại Học Y Tế Công Cộng,http://diemthi.tuyensinh247.com/diem-chuan/dai-hoc-y-te-cong-cong-YTC.html
ZCH,Trường Sĩ Quan Công Binh - Hệ Dân sự - Đại học Ngô Quyền,http://diemthi.tuyensinh247.com/diem-chuan/truong-si-quan-cong-binh-he-dan-su-dai-hoc-ngo-quyen-ZCH.html
ZNH,Đại Học Văn Hóa – Nghệ Thuật Quân Đội,http://diemthi.tuyensinh247.com/diem-chuan/dai-hoc-van-hoa-nghe-thuat-quan-doi-ZNH.html
CKC,Cao Đẳng Kỹ Thuật Cao Thắng,http://diemthi.tuyensinh247.com/diem-chuan/cao-dang-ky-thuat-cao-thang-CKC.html
DDC,Khoa Công Nghệ – Đại Học Đà Nẵng,http://diemthi.tuyensinh247.com/diem-chuan/khoa-cong-nghe-dai-hoc-da-nang-DDC.html
DDI,Cao Đẳng Công Nghệ Thông Tin – Đại Học Đà Nẵng,http://diemthi.tuyensinh247.com/diem-chuan/cao-dang-cong-nghe-thong-tin-dai-hoc-da-nang-DDI.html
FPT,Đại Học FPT,http://diemthi.tuyensinh247.com/diem-chuan/dai-hoc-fpt-FPT.html
MTH,Đại Học Mỹ Thuật Việt Nam,http://diemthi.tuyensinh247.com/diem-chuan/dai-hoc-my-thuat-viet-nam-MTH.html
MTS,Đại Học Mỹ Thuật TPHCM,http://diemthi.tuyensinh247.com/diem-chuan/dai-hoc-my-thuat-tphcm-MTS.html
TCU,Trường Sĩ Quan Thông Tin - Hệ Dân Sự - Đại Học Thông Tin Liên Lạc,http://diemthi.tuyensinh247.com/diem-chuan/truong-si-quan-thong-tin-he-dan-su-dai-hoc-thong-tin-lien-lac-TCU.html
TKG,Đại học Kiên Giang,http://diemthi.tuyensinh247.com/diem-chuan/dai-hoc-kien-giang-TKG.html
TTB,Đại Học Tây Bắc,http://diemthi.tuyensinh247.com/diem-chuan/dai-hoc-tay-bac-TTB.html
VTT,Đại Học Võ Trường Toản,http://diemthi.tuyensinh247.com/diem-chuan/dai-hoc-vo-truong-toan-VTT.html
ZPH,Trường Sĩ Quan Kĩ Thuật Quân Sự - Hệ Dân sự - Đại Học Trần Đại Nghĩa,http://diemthi.tuyensinh247.com/diem-chuan/truong-si-quan-ki-thuat-quan-su-he-dan-su-dai-hoc-tran-dai-nghia-ZPH.html
